channel,seed,success,hit,lead_fail_per_1000,lead_episodes,delay,terminal_fail,post_fail_percent
E-8,0,1,1,1.7809439002671417,0,258,0,14.946193702670387
E-8,1,1,1,4.452359750667854,0,257,0,20.326823435631727
E-8,2,1,1,0.8904719501335708,0,262,0,16.97887604623356
E-8,3,1,1,9.795191451469279,0,243,0,25.348744519728974
E-8,4,1,1,9.795191451469279,0,251,0,19.689119170984455
E-8,5,1,1,14.247551202137133,0,251,0,27.102431247508967
E-8,6,1,1,2.671415850400712,0,262,0,14.826624153049023
E-8,7,1,1,7.123775601068567,0,246,0,16.381028298126743
E-8,8,0,1,9.795191451469279,1,245,0,24.153049023515344
E-8,9,1,1,8.014247551202137,0,256,0,20.16739736946991
E-8,10,0,0,0.0,0,,0,4.822638501394978
E-8,11,1,1,7.123775601068567,0,257,0,20.247110402550817
E-8,12,1,1,0.8904719501335708,0,262,0,14.308489438023116
E-8,13,1,1,3.5618878005342833,0,257,0,17.497010761259467
E-8,14,0,1,21.371326803205697,1,245,0,25.74730968513352
F-5,0,1,1,1.267427122940431,0,31,0,0.0
F-5,1,1,1,2.534854245880862,0,31,0,0.0
F-5,2,1,1,0.6337135614702155,0,31,0,0.0
F-5,3,1,1,1.9011406844106464,0,31,0,0.0
F-5,4,1,1,3.1685678073510775,0,31,0,0.0
F-5,5,1,1,3.802281368821293,0,31,0,0.0
F-5,6,1,1,3.1685678073510775,0,31,0,0.0
F-5,7,1,1,0.6337135614702155,0,31,0,0.0
F-5,8,1,1,3.802281368821293,0,31,0,0.0
F-5,9,1,1,1.267427122940431,0,31,0,0.0
F-5,10,1,1,0.6337135614702155,0,31,0,0.0
F-5,11,1,1,0.6337135614702155,0,31,0,0.0
F-5,12,1,1,3.802281368821293,0,31,0,0.0
F-5,13,1,1,3.1685678073510775,0,31,0,0.0
F-5,14,1,1,3.802281368821293,0,31,0,0.0
T-4,0,1,1,0.0,0,41,0,0.0
T-4,1,1,1,0.0,0,42,0,0.0
T-4,2,1,1,0.0,0,42,0,0.10245901639344263
T-4,3,1,1,0.0,0,42,0,0.0
T-4,4,1,1,0.0,0,42,0,0.0
T-4,5,1,1,0.0,0,40,0,0.0
T-4,6,1,1,0.0,0,42,0,0.0
T-4,7,1,1,0.0,0,42,0,0.0
T-4,8,1,1,0.0,0,42,0,0.0
T-4,9,1,1,0.0,0,42,0,0.0
T-4,10,1,1,0.0,0,41,0,0.10245901639344263
T-4,11,1,1,0.0,0,42,0,0.0
T-4,12,1,1,0.0,0,41,0,0.0
T-4,13,1,1,0.0,0,40,0,0.0
T-4,14,1,1,0.0,0,40,0,0.10245901639344263
D-1,0,1,1,7.106598984771574,0,360,1,
D-1,1,1,1,11.16751269035533,0,360,1,
D-1,2,1,1,18.274111675126903,0,360,1,
D-1,3,1,1,11.16751269035533,0,360,1,
D-1,4,1,1,1.015228426395939,0,360,1,
D-1,5,1,1,14.213197969543147,0,360,1,
D-1,6,1,1,9.137055837563452,0,360,1,
D-1,7,1,1,11.16751269035533,0,360,1,
D-1,8,1,1,13.197969543147208,0,360,1,
D-1,9,1,1,13.197969543147208,0,360,1,
D-1,10,1,1,18.274111675126903,0,360,1,
D-1,11,1,1,15.228426395939087,0,360,1,
D-1,12,1,1,12.182741116751268,0,360,1,
D-1,13,1,1,11.16751269035533,0,360,1,
D-1,14,1,1,11.16751269035533,0,360,1,
