channel,seed,test_samples,success,council_samples,council_share,adaptation_invocations
E-8,0,4255,1,826,19.412455934195066,234
E-8,1,4255,1,1085,25.499412455934195,311
E-8,2,4255,1,918,21.574618096357227,269
E-8,3,4255,1,1213,28.507638072855464,294
E-8,4,4255,1,1080,25.381903642773207,313
E-8,5,4255,1,1316,30.9283196239718,344
E-8,6,4255,1,828,19.45945945945946,245
E-8,7,4255,1,868,20.399529964747355,212
E-8,8,4255,0,1247,29.306698002350178,362
E-8,9,4255,1,1060,24.91186839012926,282
E-8,10,4255,0,860,20.211515863689776,743
E-8,11,4255,1,1018,23.924794359576968,280
E-8,12,4255,1,792,18.613396004700352,219
E-8,13,4255,1,983,23.10223266745006,291
E-8,14,4255,0,1018,23.924794359576968,58
F-5,0,1950,1,95,4.871794871794871,5
F-5,1,1950,1,94,4.82051282051282,2
F-5,2,1950,1,95,4.871794871794871,6
F-5,3,1950,1,95,4.871794871794871,5
F-5,4,1950,1,93,4.769230769230769,1
F-5,5,1950,1,95,4.871794871794871,1
F-5,6,1950,1,97,4.9743589743589745,4
F-5,7,1950,1,89,4.564102564102564,2
F-5,8,1950,1,95,4.871794871794871,1
F-5,9,1950,1,90,4.615384615384615,1
F-5,10,1950,1,94,4.82051282051282,6
F-5,11,1950,1,90,4.615384615384615,3
F-5,12,1950,1,95,4.871794871794871,1
F-5,13,1950,1,90,4.615384615384615,1
F-5,14,1950,1,95,4.871794871794871,1
T-4,0,1098,1,12,1.092896174863388,10
T-4,1,1098,1,9,0.819672131147541,8
T-4,2,1098,1,55,5.009107468123862,53
T-4,3,1098,1,40,3.6429872495446265,39
T-4,4,1098,1,45,4.098360655737705,44
T-4,5,1098,1,15,1.366120218579235,13
T-4,6,1098,1,45,4.098360655737705,43
T-4,7,1098,1,23,2.09471766848816,22
T-4,8,1098,1,17,1.5482695810564664,16
T-4,9,1098,1,27,2.459016393442623,26
T-4,10,1098,1,28,2.5500910746812386,25
T-4,11,1098,1,11,1.0018214936247722,10
T-4,12,1098,1,18,1.639344262295082,16
T-4,13,1098,1,27,2.459016393442623,24
T-4,14,1098,1,76,6.9216757741347905,74
D-1,0,4244,1,2912,68.61451460885957,1
D-1,1,4244,1,2920,68.80301602262017,1
D-1,2,4244,1,2924,68.89726672950047,1
D-1,3,4244,1,2919,68.7794533459001,1
D-1,4,4244,1,2906,68.47313854853911,1
D-1,5,4244,1,2921,68.82657869934025,1
D-1,6,4244,1,2914,68.66163996229972,1
D-1,7,4244,1,2918,68.75589066918002,729
D-1,8,4244,1,2918,68.75589066918002,1
D-1,9,4244,1,2919,68.7794533459001,1
D-1,10,4244,1,2925,68.92082940622055,1
D-1,11,4244,1,2921,68.82657869934025,1
D-1,12,4244,1,2919,68.7794533459001,1
D-1,13,4244,1,2918,68.75589066918002,1
D-1,14,4244,1,2919,68.7794533459001,1
