dataset,seed,attempts,promotions,fault_promotions,promotion_sample_ids
DS1,0,1,1,1,212
DS1,10,2,2,0,44;166
DS1,11,1,1,0,166
DS1,12,1,1,0,44
DS1,13,1,1,1,252
DS1,14,1,1,1,211
DS1,15,1,1,0,166
DS1,16,5,2,1,44;242
DS1,17,1,1,1,211
DS1,18,1,1,0,166
DS1,19,1,1,0,44
DS1,1,2,1,1,216
DS1,2,1,1,1,211
DS1,3,1,1,0,166
DS1,4,1,1,1,212
DS1,5,2,2,1,166;211
DS1,6,1,1,1,211
DS1,7,1,1,1,211
DS1,8,2,2,1,44;216
DS1,9,3,2,0,12;166
DS1,20,1,1,1,211
DS1,23,1,1,1,211
DS1,24,1,1,0,166
DS1,25,1,1,0,166
DS1,26,0,0,0,
DS1,27,1,1,0,166
DS1,29,2,2,1,44;216
DS1,30,0,0,0,
DS1,31,1,1,1,211
DS1,32,1,1,1,217
DS1,33,1,1,0,44
DS1,34,1,1,1,211
DS1,35,1,1,1,212
DS1,36,1,1,0,44
DS1,37,1,1,1,211
DS1,39,1,1,0,44
DS1,40,0,0,0,
DS1,41,1,1,1,217
DS1,44,1,1,1,211
DS1,45,1,1,0,44
DS1,46,1,1,1,211
DS1,47,1,1,0,12
DS1,49,1,1,1,212
DS1,51,1,1,1,253
DS1,52,1,1,1,217
DS1,53,1,1,0,166
DS1,54,1,1,0,166
DS1,55,4,1,0,44
DS1,57,1,1,0,166
DS1,58,2,2,0,44;166
DS1,59,0,0,0,
DS1,60,1,1,1,212
DS1,65,1,1,1,211
DS1,67,1,1,1,212
DS1,68,1,1,0,166
DS1,69,1,1,1,211
DS1,72,1,1,0,166
DS1,74,2,2,1,44;220
DS1,77,1,1,1,217
DS1,78,1,1,1,211
DS1,80,1,1,0,166
DS1,81,1,1,1,212
DS1,82,0,0,0,
DS1,83,8,3,2,44;218;220
DS1,84,1,1,1,212
DS1,86,1,1,0,166
DS1,87,1,1,0,166
DS1,88,1,1,1,211
DS1,89,2,2,1,166;218
DS1,91,1,1,1,212
DS1,92,1,1,0,166
DS1,93,1,1,0,166
DS1,94,1,1,1,212
DS1,97,1,1,0,166
DS1,99,1,1,1,211
DS2,0,4,2,0,10;26
DS2,10,4,2,0,106;307
DS2,11,3,2,1,105;212
DS2,12,4,1,1,212
DS2,13,4,1,0,105
DS2,14,3,1,0,105
DS2,15,1,1,0,26
DS2,16,3,1,0,187
DS2,17,4,1,0,105
DS2,18,4,0,0,
DS2,19,2,1,0,187
DS2,1,3,3,0,26;105;106
DS2,2,3,2,0,105;106
DS2,3,3,1,0,106
DS2,4,2,2,1,105;212
DS2,5,3,3,1,26;106;212
DS2,6,3,1,0,26
DS2,7,3,1,0,105
DS2,8,3,1,0,301
DS2,9,1,1,0,26
DS2,20,6,1,0,13
DS2,23,3,1,0,105
DS2,24,1,1,0,26
DS2,25,2,2,1,120;212
DS2,26,2,1,0,26
DS2,27,2,1,0,307
DS2,29,3,2,1,105;212
DS2,30,2,2,0,26;105
DS2,31,5,1,0,26
DS2,32,1,1,0,26
DS2,33,3,1,0,106
DS2,34,5,1,0,198
DS2,36,3,2,1,106;212
DS2,37,8,3,0,90;91;164
DS2,39,4,2,0,105;106
DS2,40,4,1,0,26
DS2,41,2,1,0,26
DS2,44,5,2,1,164;212
DS2,45,6,1,1,212
DS2,46,4,1,0,106
DS2,47,3,2,0,26;106
DS2,49,2,1,0,105
DS2,51,3,1,0,26
DS2,52,2,2,0,26;106
DS2,53,4,1,0,82
DS2,54,3,2,1,105;212
DS2,55,2,1,1,212
DS2,57,4,1,0,26
DS2,58,4,1,1,212
DS2,59,5,1,1,247
DS2,60,4,2,1,26;212
DS2,65,3,1,0,26
DS2,67,3,1,0,10
DS2,68,1,0,0,
DS2,69,4,1,1,212
DS2,72,1,1,0,26
DS2,77,1,1,0,26
DS2,78,1,1,0,26
DS2,80,4,1,1,212
DS2,81,2,1,0,105
DS2,82,3,1,1,212
DS2,83,3,1,0,187
DS2,84,2,1,0,26
DS2,87,6,1,0,351
DS2,88,2,2,0,26;105
DS2,89,2,1,0,106
DS2,91,2,1,0,105
DS2,93,2,1,0,26
DS2,94,6,2,2,247;248
DS2,97,5,1,1,247
DS2,99,2,2,0,26;106
DS2,35,4,1,1,212
DS2,74,1,1,1,212
DS2,86,2,1,0,26
DS2,92,4,2,1,105;212
DS3,0,43,5,1,37;38;164;197;244
DS3,10,76,17,15,112;115;248;250;256;263;281;287;302;327;338;339;351;367;369;398;399
DS3,11,39,6,0,36;113;163;164;196;200
DS3,12,134,9,5,38;124;203;204;219;270;285;326;352
DS3,13,148,8,5,36;37;126;210;243;261;326;336
DS3,14,104,8,7,37;216;258;261;267;283;325;355
DS3,15,138,14,11,36;125;204;209;216;267;283;284;312;323;355;364;365;368
DS3,16,136,11,8,36;202;208;216;244;250;283;284;315;326;365
DS3,17,116,5,3,37;208;258;325;326
DS3,18,103,11,9,37;114;209;282;285;315;324;325;355;367;408
DS3,19,44,14,11,37;114;204;209;245;248;266;268;270;283;323;352;407;408
DS3,1,107,23,21,37;114;247;251;256;263;280;287;296;297;299;303;305;312;355;356;367;368;370;371;390;391;399
DS3,2,142,13,10,37;39;204;243;262;283;315;356;363;365;378;388;408
DS3,3,135,12,9,36;56;208;251;257;266;271;323;324;364;379;407
DS3,4,94,5,3,38;114;269;283;325
DS3,5,66,8,5,37;39;204;219;258;269;313;365
DS3,6,90,15,11,112;115;124;125;209;245;256;257;264;269;287;313;354;379;389
DS3,7,69,14,10,38;125;204;208;210;219;259;312;315;326;338;355;364;379
DS3,8,75,10,9,38;245;250;268;281;286;335;355;366;367
DS3,9,44,4,2,37;113;243;325
DS3,20,70,19,17,112;114;243;244;246;249;273;287;302;303;322;337;339;352;366;378;389;397;398
DS3,23,35,8,6,37;38;258;268;269;283;313;352
DS3,24,109,10,8,37;114;262;263;287;315;353;362;363;379
DS3,25,64,7,5,37;38;210;216;244;267;268
DS3,26,39,4,0,37;163;164;199
DS3,27,64,15,13,38;125;210;251;257;266;270;282;283;313;355;368;379;398;399
DS3,29,122,10,7,37;38;125;216;301;311;323;356;362;379
DS3,30,32,4,2,112;204;260;261
DS3,31,98,23,22,38;245;251;255;256;262;267;269;281;283;287;295;313;314;323;327;336;355;366;368;389;408;409
DS3,32,114,8,6,37;113;209;339;354;356;362;379
DS3,33,1,1,0,113
DS3,34,112,17,14,37;125;208;210;243;250;283;285;312;326;353;354;355;365;367;408;409
DS3,35,115,8,5,113;125;204;282;283;284;363;364
DS3,36,68,6,3,38;115;196;267;284;325
DS3,37,121,11,10,113;244;250;251;258;267;269;313;325;365;369
DS3,39,49,7,3,37;114;199;204;261;269;283
DS3,40,130,10,9,37;258;261;268;283;284;314;324;355;365
DS3,41,46,16,14,38;113;219;252;255;265;281;288;289;292;297;299;301;340;346;397
DS3,44,103,17,15,38;113;244;245;257;262;285;286;313;314;339;351;353;366;388;408;409
DS3,45,98,13,11,38;113;244;248;255;262;270;271;286;354;363;368;387
DS3,46,109,17,14,38;113;125;209;250;256;257;263;294;356;364;367;378;379;385;386;389
DS3,47,112,6,2,37;164;198;205;216;260
DS3,49,19,4,0,38;125;198;203
DS3,51,39,12,9,38;114;203;210;245;256;263;266;338;353;368;408
DS3,52,109,9,7,37;204;217;285;315;351;362;407;409
DS3,53,61,14,12,38;113;251;258;261;268;285;314;324;325;326;352;407;409
DS3,54,61,20,18,112;115;246;247;249;274;276;289;291;292;298;303;306;322;339;344;346;350;374;375
DS3,55,100,27,25,37;38;210;246;250;256;257;286;288;312;314;334;335;336;339;356;365;367;368;369;385;386;389;398;399;408;409
DS3,57,105,13,10,37;38;113;209;219;244;263;266;285;286;326;356;408
DS3,58,38,11,8,38;112;114;216;248;273;282;286;322;352;368
DS3,59,69,11,9,38;114;250;262;315;352;362;365;366;367;387
DS3,60,79,17,11,38;113;125;202;204;208;209;244;257;271;313;315;352;353;387;408;409
DS3,65,142,6,2,36;113;164;202;259;268
DS3,67,69,17,15,112;114;246;249;256;257;263;265;303;335;368;369;378;389;390;391;399
DS3,68,110,15,12,37;114;208;243;244;245;257;258;270;285;351;355;362;407;408
DS3,69,95,14,13,38;210;286;293;312;315;323;337;354;355;356;368;398;409
DS3,72,65,8,4,36;37;202;208;217;243;258;283
DS3,74,142,4,0,36;114;124;196
DS3,77,98,10,7,38;113;115;245;262;300;354;362;365;409
DS3,78,93,12,8,37;38;197;202;216;243;244;258;268;269;283;314
DS3,80,29,5,1,37;199;200;205;217
DS3,81,143,12,8,37;39;198;204;210;267;314;324;325;363;364;365
DS3,82,57,8,7,38;209;257;264;335;339;369;389
DS3,83,131,12,9,37;198;204;243;257;261;267;268;283;364;367;407
DS3,84,109,5,1,37;38;203;204;243
DS3,86,9,3,2,38;210;244
DS3,87,96,7,4,38;202;203;261;262;285;363
DS3,88,11,7,6,112;243;244;246;248;365;390
DS3,89,156,5,2,36;114;205;215;324
DS3,91,100,7,5,37;38;258;267;314;364;367
DS3,92,65,15,12,38;112;114;264;265;275;281;288;291;299;310;321;333;334;347
DS3,93,143,8,7,37;323;325;336;355;363;364;408
DS3,94,114,5,4,38;284;313;364;379
DS3,97,74,8,6,38;114;258;262;312;315;356;367
DS3,99,80,24,22,38;113;217;252;254;271;279;280;291;292;293;302;303;304;310;321;322;338;346;370;385;386;398;409
