stage,seed,initial_flags,final_flags,overrides,new_fail,raw_council_flags
baseline_adaptive_conformal,0,23,23,0,0,23
baseline_classical_fdi,0,35,33,4,2,33
baseline_deterministic_requirements_checker,0,35,34,1,0,34
baseline_homogeneous_multi_agent,0,35,35,0,0,35
baseline_math_sentry_only,0,35,35,0,0,35
baseline_single_llm_agent,0,35,35,0,0,35
baseline_adaptive_conformal,10,21,21,0,0,21
baseline_classical_fdi,10,32,31,6,5,31
baseline_deterministic_requirements_checker,10,32,25,7,0,25
baseline_homogeneous_multi_agent,10,32,32,0,0,32
baseline_math_sentry_only,10,32,32,0,0,32
baseline_single_llm_agent,10,32,32,0,0,32
baseline_adaptive_conformal,11,23,23,0,0,23
baseline_classical_fdi,11,30,34,3,7,34
baseline_deterministic_requirements_checker,11,30,26,4,0,26
baseline_homogeneous_multi_agent,11,30,30,0,0,30
baseline_math_sentry_only,11,30,30,0,0,30
baseline_single_llm_agent,11,30,30,0,0,30
baseline_adaptive_conformal,12,22,22,0,0,22
baseline_classical_fdi,12,38,34,6,2,34
baseline_deterministic_requirements_checker,12,38,31,7,0,31
baseline_homogeneous_multi_agent,12,38,38,0,0,38
baseline_math_sentry_only,12,38,38,0,0,38
baseline_single_llm_agent,12,38,38,0,0,38
baseline_adaptive_conformal,13,18,18,0,0,18
baseline_classical_fdi,13,34,32,3,1,32
baseline_deterministic_requirements_checker,13,34,34,0,0,34
baseline_homogeneous_multi_agent,13,34,34,0,0,34
baseline_math_sentry_only,13,34,34,0,0,34
baseline_single_llm_agent,13,34,34,0,0,34
baseline_adaptive_conformal,14,23,23,0,0,23
baseline_classical_fdi,14,38,36,5,3,36
baseline_deterministic_requirements_checker,14,38,36,2,0,36
baseline_homogeneous_multi_agent,14,38,38,0,0,38
baseline_math_sentry_only,14,38,38,0,0,38
baseline_single_llm_agent,14,38,38,0,0,38
baseline_adaptive_conformal,15,25,25,0,0,25
baseline_classical_fdi,15,39,36,5,2,36
baseline_deterministic_requirements_checker,15,39,30,9,0,30
baseline_homogeneous_multi_agent,15,39,39,0,0,39
baseline_math_sentry_only,15,39,39,0,0,39
baseline_single_llm_agent,15,39,39,0,0,39
baseline_adaptive_conformal,16,23,23,0,0,23
baseline_classical_fdi,16,34,32,7,5,32
baseline_deterministic_requirements_checker,16,34,19,15,0,19
baseline_homogeneous_multi_agent,16,34,34,0,0,34
baseline_math_sentry_only,16,34,34,0,0,34
baseline_single_llm_agent,16,34,34,0,0,34
baseline_adaptive_conformal,17,25,25,0,0,25
baseline_classical_fdi,17,30,31,4,5,31
baseline_deterministic_requirements_checker,17,30,24,6,0,24
baseline_homogeneous_multi_agent,17,30,30,0,0,30
baseline_math_sentry_only,17,30,30,0,0,30
baseline_single_llm_agent,17,30,30,0,0,30
baseline_adaptive_conformal,18,21,21,0,0,21
baseline_classical_fdi,18,40,36,6,2,36
baseline_deterministic_requirements_checker,18,40,36,4,0,36
baseline_homogeneous_multi_agent,18,40,40,0,0,40
baseline_math_sentry_only,18,40,40,0,0,40
baseline_single_llm_agent,18,40,39,1,0,39
baseline_adaptive_conformal,19,24,24,0,0,24
baseline_classical_fdi,19,38,35,6,3,35
baseline_deterministic_requirements_checker,19,38,31,7,0,31
baseline_homogeneous_multi_agent,19,38,38,0,0,38
baseline_math_sentry_only,19,38,38,0,0,38
baseline_single_llm_agent,19,38,38,0,0,38
baseline_adaptive_conformal,1,26,26,0,0,26
baseline_classical_fdi,1,35,35,2,2,35
baseline_deterministic_requirements_checker,1,35,31,4,0,31
baseline_homogeneous_multi_agent,1,35,35,0,0,35
baseline_math_sentry_only,1,35,35,0,0,35
baseline_single_llm_agent,1,35,35,0,0,35
baseline_adaptive_conformal,20,21,21,0,0,21
baseline_classical_fdi,20,36,34,4,2,34
baseline_deterministic_requirements_checker,20,36,34,2,0,34
baseline_homogeneous_multi_agent,20,36,36,0,0,36
baseline_math_sentry_only,20,36,36,0,0,36
baseline_single_llm_agent,20,36,36,0,0,36
baseline_adaptive_conformal,23,22,22,0,0,22
baseline_classical_fdi,23,33,32,3,2,32
baseline_deterministic_requirements_checker,23,33,32,1,0,32
baseline_homogeneous_multi_agent,23,33,33,0,0,33
baseline_math_sentry_only,23,33,33,0,0,33
baseline_single_llm_agent,23,33,33,0,0,33
baseline_adaptive_conformal,24,23,23,0,0,23
baseline_classical_fdi,24,41,38,5,2,38
baseline_deterministic_requirements_checker,24,41,33,8,0,33
baseline_homogeneous_multi_agent,24,41,41,0,0,41
baseline_math_sentry_only,24,41,41,0,0,41
baseline_single_llm_agent,24,41,41,0,0,41
baseline_adaptive_conformal,25,23,23,0,0,23
baseline_classical_fdi,25,39,38,4,3,38
baseline_deterministic_requirements_checker,25,39,28,11,0,28
baseline_homogeneous_multi_agent,25,39,38,1,0,38
baseline_math_sentry_only,25,39,39,0,0,39
baseline_single_llm_agent,25,39,39,0,0,39
baseline_adaptive_conformal,26,20,20,0,0,20
baseline_classical_fdi,26,27,29,3,5,29
baseline_deterministic_requirements_checker,26,27,27,0,0,27
baseline_homogeneous_multi_agent,26,27,27,0,0,27
baseline_math_sentry_only,26,27,27,0,0,27
baseline_single_llm_agent,26,27,27,0,0,27
baseline_adaptive_conformal,2,21,21,0,0,21
baseline_classical_fdi,2,28,27,6,5,27
baseline_deterministic_requirements_checker,2,28,23,5,0,23
baseline_homogeneous_multi_agent,2,28,28,0,0,28
baseline_math_sentry_only,2,28,28,0,0,28
baseline_single_llm_agent,2,28,28,0,0,28
baseline_adaptive_conformal,3,24,24,0,0,24
baseline_classical_fdi,3,42,39,6,3,39
baseline_deterministic_requirements_checker,3,42,39,3,0,39
baseline_homogeneous_multi_agent,3,42,42,0,0,42
baseline_math_sentry_only,3,42,42,0,0,42
baseline_single_llm_agent,3,42,42,0,0,42
baseline_adaptive_conformal,4,24,24,0,0,24
baseline_classical_fdi,4,39,34,7,2,34
baseline_deterministic_requirements_checker,4,39,36,3,0,36
baseline_homogeneous_multi_agent,4,39,39,0,0,39
baseline_math_sentry_only,4,39,39,0,0,39
baseline_single_llm_agent,4,39,38,1,0,38
baseline_adaptive_conformal,5,22,22,0,0,22
baseline_classical_fdi,5,41,37,6,2,37
baseline_deterministic_requirements_checker,5,41,36,5,0,36
baseline_homogeneous_multi_agent,5,41,41,0,0,41
baseline_math_sentry_only,5,41,41,0,0,41
baseline_single_llm_agent,5,41,41,0,0,41
baseline_adaptive_conformal,6,22,22,0,0,22
baseline_classical_fdi,6,34,34,4,4,34
baseline_deterministic_requirements_checker,6,34,32,2,0,32
baseline_homogeneous_multi_agent,6,34,34,0,0,34
baseline_math_sentry_only,6,34,34,0,0,34
baseline_single_llm_agent,6,34,34,0,0,34
baseline_adaptive_conformal,7,23,23,0,0,23
baseline_classical_fdi,7,38,36,4,2,36
baseline_deterministic_requirements_checker,7,38,36,2,0,36
baseline_homogeneous_multi_agent,7,38,38,0,0,38
baseline_math_sentry_only,7,38,38,0,0,38
baseline_single_llm_agent,7,38,38,0,0,38
baseline_adaptive_conformal,8,21,21,0,0,21
baseline_classical_fdi,8,46,40,8,2,40
baseline_deterministic_requirements_checker,8,46,35,11,0,35
baseline_homogeneous_multi_agent,8,46,46,0,0,46
baseline_math_sentry_only,8,46,46,0,0,46
baseline_single_llm_agent,8,46,46,0,0,46
baseline_adaptive_conformal,9,22,22,0,0,22
baseline_classical_fdi,9,46,41,7,2,41
baseline_deterministic_requirements_checker,9,46,33,13,0,33
baseline_homogeneous_multi_agent,9,46,46,0,0,46
baseline_math_sentry_only,9,46,46,0,0,46
baseline_single_llm_agent,9,46,46,0,0,46
