dataset,stage,n,event_success,literal_terminal_success,injection_window_hit,terminal_fail,nuisance_mean,nuisance_sd,lead_fail_per_1000_mean,lead_fail_per_1000_sd,post_fail_fraction_mean,post_fail_fraction_sd,fault_coverage_mean,fault_coverage_sd,sample_agreement_mean,sample_agreement_sd
DS1,baseline_adaptive_conformal,25,0,0,25,0,4.92,1.5790292376436015,23.54066985645933,7.555163816476562,0.0,0.0,0.34431372549019607,0.022697719417235744,0.9064390243902439,0.005263246604760822
DS1,baseline_classical_fdi,25,23,23,25,0,0.08,0.27688746209726917,0.0,0.0,0.0005333333333333334,0.0018459164139817946,0.676078431372549,0.06331441065784228,0.9595121951219512,0.007680668141337887
DS1,baseline_deterministic_requirements_checker,25,23,23,25,0,0.08,0.27688746209726917,0.19138755980861244,0.9569377990430622,0.0002666666666666667,0.0013333333333333333,0.6109803921568627,0.09815026390567975,0.9514146341463414,0.012415089358657943
DS1,baseline_homogeneous_multi_agent,25,10,10,25,0,1.6,1.9364916731037085,3.6363636363636362,5.0334079228259965,0.0056,0.008537498983243798,0.683921568627451,0.0826713421554868,0.956780487804878,0.010479293199483333
DS1,baseline_math_sentry_only,25,10,10,25,0,1.6,1.9364916731037085,3.6363636363636362,5.0334079228259965,0.0056,0.008537498983243798,0.6847058823529412,0.0831736262775859,0.9568780487804878,0.010554711899797434
DS1,baseline_single_llm_agent,25,10,10,25,0,1.6,1.9364916731037085,3.6363636363636362,5.0334079228259965,0.0056,0.008537498983243798,0.6831372549019608,0.08196297335788903,0.9566829268292683,0.010378519282753136
DS1,full,75,75,75,75,0,0,0.0,0.0,0.0,0.0,0.0,0.5045751633986928,0.1126077287301983,0.9383739837398374,0.01400730284204902
DS1,sentry,75,34,34,75,0,1.4533333333333334,1.780474681114587,3.5087719298245617,4.806193323769595,0.0048000000000000004,0.0071500435749107935,0.6928104575163399,0.07072157615410776,0.9582439024390244,0.009394758736221968
DS2,full,75,67,67,75,0,0.10666666666666667,0.3107677212591047,0.5103668261562998,1.4869268959765771,0.0,0.0,0.2015686274509804,0.013508005153517263,0.9004227642276423,0.0018098656048497835
DS2,sentry,75,0,0,75,0,3.72,1.8125687312224619,15.119617224880383,6.5830313082846175,0.0037333333333333337,0.0050510903291778025,0.25542483660130716,0.019333892648436674,0.8983089430894309,0.0037822062850166338
DS3,full,75,70,62,75,11,0.08,0.3187814637359293,0.3827751196172249,1.5252701614159296,0.3967111111111111,0.24707629326727137,0.3253067993366501,0.2027512998724265,0.6690406504065041,0.09909957929258602
DS3,sentry,75,0,0,75,74,19.64,8.159954954830624,93.97129186602871,39.042846673830745,0.9825777777777778,0.037948809100050974,0.8613598673300166,0.039159935278931406,0.884130081300813,0.01705137196448537
